,LABORATORIO,CLASSE,FAMILIA,MATERIAL,DESCRIÇÃO MATERIAL,Estado,Unidade,Nome da Unidade,Nome Fornecedor,Volume, Baseline, Preço medio realizado,Preço Acordo Vigente,Spend acordo,Fornecedor Contrato vigente,"Preço médio
4T25 e 3T25",Spend ano Atual Peers,Spend mensal,∆R$,∆%,"Preço médio
4T25 e 3T25",Spend ano consumo,Spend mensal,∆R$,∆%,Premissa deflatora,Preço projetado,"Spend projetado
ano",∆R$ projetado compras,∆% ano compras,∆R$ projetado consumo,∆% ano consumo,STATUS,cronograma,Fornecedor_final,Preço unit,Spend Cotado FINAL,∆R$ Cotado,∆%  Cotado,FIRSTLAB,MARCA,BD MICRO.,BD COLETA,CRAL,BMX MICRO.,MARCA,SARSTEDT,MARCA,POLAR FIX,MARCA,MAFRA,MARCA,TERA MEDICAL,MARCA,PLASTLABOR / LABORCLIN,MARCA,SENSORIAL,MARCA,SOL-MILLENIUM,NEW PROV,MARCA,DNEDX(TESTE),DIPROMED,MARCA,DK Diag.,DOBBER,MARCA,ADVAGEN,MARCA,ONMNIA,BIO-RAD,INJEX,ABBOT TESTE RAPIDO,MEDLEVERSOHN,GLOBAL TESTES,MASTER HIGIMED,MARCA,PROBAC,MARCA,LABTECH,MARCA ,ADVAGEM,MARCA,AGAR LAB,MOBIUS,GREINER,WERFEN,B,B,B,B,B,B,B,B,B,B,B,B,B,B,B,B,B,B,B,B,B,C,C,C,C,C,C,C,C,C,C,C,C,C,C,C,C,C,C,C,C,C,C,C,C,C,C,C,C,C,C,C,C,C,C,C,C,C,C,C,C,C,C,C,C,C,C,C,C,C,C,C,C,C,C,C,C,C,C,C,C,JAN,FEV,MAR,ABR,MAI,JUN,JUL,AGO,SET,OUT,NOV,DEZ,TOTAL 2026,CARRY-OVER 2027,Inicio Captação,JAN,FEV,MAR,ABR,MAI,JUN,JUL,AGO,SET,OUT,NOV,DEZ, TOTAL 2026, CARRY-OVER 2027,FAROL," ∆R$
consumo","∆%
ano",INICIO CAPTAÇÃO, JAN,FEV,MAR, ABR, MAI, JUN, JUL, AGO, SET, OUT, NOV, DEZ, TOTAL 2026, CARRY-OVER 2027,FAROL,,SKU único (flag),SKU único por status (flag),Projeção captação,Quadrante MATRIZ 2x2
209340,LABORATORIO,PRÉ ANALITICO,TUBO,209340,TUBO CONECTOR INJETORA,SP,3069,NDI-CD LAPA,BAYER S.A.,78687,  1.407.014 ,"  17,88 ",,  -   ,,"  18,13 ",  1.426.472 ,  118.873 ,  19.458 ,1%,"  18,08 ",  1.423.017 ,  118.585 ,  16.003 ,1%,"12,0%","  15,95 ","  1.255.295,76 ","- 171.176,69 ","-12,0%","- 167.721,39 ",-12%,NÃO INICIADO,,,  -   ,  -   ,  -   ,,,,,,,,,,,,,,,,,,,,,,,,,,,,,,,,,,,,,,,,,,,,,,,,,,,,,,,,,,,,,,,,,,,,,,,,,,,,,,,,,,,,,,,,,,,,,,,,,,,,,,,,,,,,,,,,,,,,,,,,,,,,,,,,,,,#REF!,#REF!,#REF!,#REF!,#REF!,#REF!,#REF!,#REF!,#REF!,#REF!,#REF!,#REF!,#REF!,#REF!,,  -   ,  -   ,  -   ,  -   ,  -   ,  -   ,  -   ,  -   ,  -   ,  -   ,  -   ,  -   ,  -   , , ,  -   ,,,  -   ,  -   ,  -   ,  -   ,  -   ,  -   ,  -   ,  -   ,  -   ,  -   ,  -   ,  -   ,  -   , , ,,1,1, ,
225698,LABORATORIO,PRÉ ANALITICO,SERINGA,225698,MS LUER ADAPTER 367290 BD REA SOL,SP,3069,NDI-CD LAPA,BECTON DICKINSON IND CIRURG LTDA,999100,  1.167.947 ,"  1,17 ","1,17",  1.168.947 , BECTON DICKINSON INDUSTRIAS CIRURGI,"  1,17 ",  1.167.948 ,  97.329 ,  1 ,0%,"  1,17 ",  1.167.930 ,  97.328 ,- 16 ,0%,"12,0%","  1,03 ","  1.027.794,15 ","- 140.153,75 ","-12,0%","- 140.136,32 ",-12%,FINALIZADO,,BD COLETA,"  1,17 ",  1.167.948 ,  17 ,0%,,,,"  1,17 ",,,,,,,,,,,,,,,,,,,,,,,,,,,,,,,,,,,,,,,,,,,,,,,,,,,,,,,,,,,,,,,,,,,,,,,,,,,,,,,,,,,,,,,,,,,,,,,,,,,,,,,,,,,,,,,,,,,,,,,,,,,,,,#REF!,#REF!,#REF!,#REF!,#REF!,#REF!,#REF!,#REF!,#REF!,#REF!,#REF!,#REF!,#REF!,#REF!, JUN,  -   ,  -   ,  -   ,  -   ,  -   ,"  1,45 ","  1,45 ","  1,45 ","  1,45 ","  1,45 ","  1,45 ","  1,45 ","  10,17 ","  7,26 ",#REF!,  17 ,"0,0%", JUN,  -   ,  -   ,  -   ,  -   ,  -   ,  1 ,  1 ,  1 ,  1 ,  1 ,  1 ,  1 ,  10 ,  7 ,#REF!,,1,1, JUN,
212235,LABORATORIO,PRÉ ANALITICO,TUBO,212235,VAC GEL SST 5ML 360060 TB 13X100MM,SP,3069,NDI-CD LAPA,BECTON DICKINSON IND CIRURG LTDA,1829500,  1.079.395 ,"  0,59 ","0,64",  1.170.880 , BECTON DICKINSON INDUSTRIAS CIRURGI,"  0,63 ",  1.148.989 ,  95.749 ,  69.594 ,6%,"  0,64 ",  1.166.413 ,  97.201 ,  87.018 ,8%,"12,0%","  0,55 ","  1.011.110,39 ","- 137.878,69 ","-12,0%","- 155.302,35 ",-13%,FINALIZADO,,BD COLETA,"  0,64 ",  1.170.880 ,  4.467 ,0%,,,,"  0,64 ",,,,,,,,,,,,,,,,,,,,,,,,,,,,,,,,,,,,,,,,,,,,,,,,,,,,,,,,,,,,,,,,,,,,,,,,,,,,,,,,,,,,,,,,,,,,,,,,,,,,,,,,,,,,,,,,,,,,,,,,,,,,,,#REF!,#REF!,#REF!,#REF!,#REF!,#REF!,#REF!,#REF!,#REF!,#REF!,#REF!,#REF!,#REF!,#REF!, JUN,  -   ,  -   ,  -   ,  -   ,  -   ,"  372,27 ","  372,27 ","  372,27 ","  372,27 ","  372,27 ","  372,27 ","  372,27 ","  2.605,90 ","  1.861,36 ",#REF!,  4.467 ,"0,4%", JUN,  -   ,  -   ,  -   ,  -   ,  -   ,  372 ,  372 ,  372 ,  372 ,  372 ,  372 ,  372 ,  2.606 ,  1.861 ,#REF!,,1,1, JUN,
150420,LABORATORIO,PRÉ ANALITICO,AGULHA,150420,AGULHA MULTI COL SANG DISPSEG 21G 368607,SP,3069,NDI-CD LAPA,BECTON DICKINSON IND CIRURG LTDA,1578672,  1.057.736 ,"  0,67 ","0,74",  1.168.217 , BECTON DICKINSON INDUSTRIAS CIRURGI,"  0,77 ",  1.215.985 ,  101.332 ,  158.249 ,15%,"  0,79 ",  1.254.456 ,  104.538 ,  196.720 ,19%,"12,0%","  0,68 ","  1.070.066,41 ","- 145.918,15 ","-12,0%","- 184.389,50 ",-15%,FINALIZADO,,BD COLETA,"  0,74 ",  1.168.217 ,- 86.239 ,-7%,,,,"  0,74 ",,,,,,,,,,,,,,,,,,,,,,,,,,,,,,,,,"  1,15 ", LABOR IMPORT,,,,,,,,,,,,,,,,,,,,,,,,,,,,,,,,,,,,,,,,,,,,,,,,,,,,,,,,,,,,,,,,,,,,,,,,,,,,,,,,,,,,,,,,,,,,#REF!,#REF!,#REF!,#REF!,#REF!,#REF!,#REF!,#REF!,#REF!,#REF!,#REF!,#REF!,#REF!,#REF!, JUN,  -   ,  -   ,  -   ,  -   ,  -   ,"- 7.186,55 ","- 7.186,55 ","- 7.186,55 ","- 7.186,55 ","- 7.186,55 ","- 7.186,55 ","- 7.186,55 ","- 50.305,87 ","- 35.932,76 ",#REF!,- 86.239 ,"-6,9%", JUN,  -   ,  -   ,  -   ,  -   ,  -   ,- 7.187 ,- 7.187 ,- 7.187 ,- 7.187 ,- 7.187 ,- 7.187 ,- 7.187 ,- 50.306 ,- 35.933 ,#REF!,,1,1, JUN,
171430,LABORATORIO,PRÉ ANALITICO,ESCALPE,171430,ESCALPE COL SANG DISP SEGUR 23GX7 367256,CE,2045,HAM-CD FORTALEZA,BECTON DICKINSON IND CIRURG LTDA,344600,  951.078 ,"  2,76 ","2,3",  792.580 , BECTON DICKINSON INDUSTRIAS CIRURGI,"  2,86 ",  986.607 ,  82.217 ,  35.529 ,4%,"  2,86 ",  986.706 ,  82.226 ,  35.628 ,4%,"12,0%","  2,52 ","  868.213,94 ","- 118.392,81 ","-12,0%","- 118.492,33 ",-12%,FINALIZADO,,BD COLETA,"  2,12 ",  730.552 ,- 256.154 ,-26%,,,,"  2,12 ",,,,,,,,,,,,,,,,,,,,,,,,,,,,,,,,,,,,,,,,,,,,,,,,,,,,,,,,,,,,,,,,,,,,,,,,,,,,,,,,,,,,,,,,,,,,,,,,,,,,,,,,,,,,,,,,,,,,,,,,,,,,,,#REF!,#REF!,#REF!,#REF!,#REF!,#REF!,#REF!,#REF!,#REF!,#REF!,#REF!,#REF!,#REF!,#REF!, JUN,  -   ,  -   ,  -   ,  -   ,  -   ,"- 21.346,19 ","- 21.346,19 ","- 21.346,19 ","- 21.346,19 ","- 21.346,19 ","- 21.346,19 ","- 21.346,19 ","- 149.423,33 ","- 106.730,95 ",#REF!,- 256.154 ,"-26,0%", JUN,  -   ,  -   ,  -   ,  -   ,  -   ,- 21.346 ,- 21.346 ,- 21.346 ,- 21.346 ,- 21.346 ,- 21.346 ,- 21.346 ,- 149.423 ,- 106.731 ,#REF!,,1,1, JUN,
211181,LABORATORIO,PRÉ ANALITICO,TUBO,211181,TUBO HEMATOLOGIA AM SORO 3.5ML BD 360059,SP,3069,NDI-CD LAPA,BECTON DICKINSON IND CIRURG LTDA,1534100,  859.096 ,"  0,56 ","0,58",  889.778 , BECTON DICKINSON INDUSTRIAS CIRURGI,"  0,56 ",  860.954 ,  71.746 ,  1.858 ,0%,"  0,56 ",  860.424 ,  71.702 ,  1.328 ,0%,"12,0%","  0,49 ","  757.639,12 ","- 103.314,43 ","-12,0%","- 102.784,84 ",-12%,FINALIZADO,,BD COLETA,"  0,58 ",  889.778 ,  29.354 ,3%,,,,"  0,58 ",,,,,,,,,,,,,,,,,,,,,,,,,,,,,,,,,,,,,,,,,,,,,,,,,,,,,,,,,,,,,,,,,,,,,,,,,,,,,,,,,,,,,,,,,,,,,,,,,,,,,,,,,,,,,,,,,,,,,,,,,,,,,,#REF!,#REF!,#REF!,#REF!,#REF!,#REF!,#REF!,#REF!,#REF!,#REF!,#REF!,#REF!,#REF!,#REF!, JUN,  -   ,  -   ,  -   ,  -   ,  -   ,"  2.446,17 ","  2.446,17 ","  2.446,17 ","  2.446,17 ","  2.446,17 ","  2.446,17 ","  2.446,17 ","  17.123,19 ","  12.230,85 ",#REF!,  29.354 ,"3,4%", JUN,  -   ,  -   ,  -   ,  -   ,  -   ,  2.446 ,  2.446 ,  2.446 ,  2.446 ,  2.446 ,  2.446 ,  2.446 ,  17.123 ,  12.231 ,#REF!,,1,1, JUN,
171430,LABORATORIO,PRÉ ANALITICO,ESCALPE,171430,ESCALPE COL SANG DISP SEGUR 23GX7 367256,SP,3069,NDI-CD LAPA,BECTON DICKINSON IND CIRURG LTDA,302800,  834.625 ,"  2,76 ","2,3",  696.440 , BECTON DICKINSON INDUSTRIAS CIRURGI,"  2,86 ",  866.931 ,  72.244 ,  32.307 ,4%,"  2,86 ",  867.019 ,  72.252 ,  32.394 ,4%,"12,0%","  2,52 ","  762.899,54 ","- 104.031,76 ","-12,0%","- 104.119,20 ",-12%,FINALIZADO,,BD COLETA,"  2,12 ",  641.936 ,- 225.083 ,-26%,,,,"  2,12 ",,,,,,,,,,,,,,,,,,,,,,,,,,,,,,,,,,,,,,,,,,,,,,,,,,,,,,,,,,,,,,,,,,,,,,,,,,,,,,,,,,,,,,,,,,,,,,,,,,,,,,,,,,,,,,,,,,,,,,,,,,,,,,#REF!,#REF!,#REF!,#REF!,#REF!,#REF!,#REF!,#REF!,#REF!,#REF!,#REF!,#REF!,#REF!,#REF!, JUN,  -   ,  -   ,  -   ,  -   ,  -   ,"- 18.756,90 ","- 18.756,90 ","- 18.756,90 ","- 18.756,90 ","- 18.756,90 ","- 18.756,90 ","- 18.756,90 ","- 131.298,27 ","- 93.784,48 ",#REF!,- 225.083 ,"-26,0%", JUN,  -   ,  -   ,  -   ,  -   ,  -   ,- 18.757 ,- 18.757 ,- 18.757 ,- 18.757 ,- 18.757 ,- 18.757 ,- 18.757 ,- 131.298 ,- 93.784 ,#REF!,,0,0, JUN,
152794,LABORATORIO,PRÉ ANALITICO,TUBO,152794,TUBO 13X75MM C/CIT SODIO 2.7ML 363083,SP,3069,NDI-CD LAPA,BECTON DICKINSON IND CIRURG LTDA,641900,  783.118 ,"  1,22 ","1,22",  783.118 , BECTON DICKINSON INDUSTRIAS CIRURGI,"  1,39 ",  891.490 ,  74.291 ,  108.372 ,14%,"  1,51 ",  968.611 ,  80.718 ,  185.493 ,24%,"12,0%","  1,22 ","  784.511,26 ","- 106.978,81 ","-12,0%","- 184.099,36 ",-19%,FINALIZADO,,BD COLETA,"  1,22 ",  783.118 ,- 185.493 ,-19%,,,,"  1,22 ",,,,,,,,,,,,,,,,,,,,,,,,,,,,,,,,,,,,,,,,,,,,,,,,,,,,,,,,,,,,,,,,,,,,,,,,,,,,,,,,,,,,,,,,,,,,,,,,,,,,,,,,,,,,,,,,,,,,,,,,,,,,,,#REF!,#REF!,#REF!,#REF!,#REF!,#REF!,#REF!,#REF!,#REF!,#REF!,#REF!,#REF!,#REF!,#REF!, JUN,  -   ,  -   ,  -   ,  -   ,  -   ,"- 15.457,72 ","- 15.457,72 ","- 15.457,72 ","- 15.457,72 ","- 15.457,72 ","- 15.457,72 ","- 15.457,72 ","- 108.204,03 ","- 77.288,59 ",#REF!,- 185.493 ,"-19,2%", JUN,  -   ,  -   ,  -   ,  -   ,  -   ,- 15.458 ,- 15.458 ,- 15.458 ,- 15.458 ,- 15.458 ,- 15.458 ,- 15.458 ,- 108.204 ,- 77.289 ,#REF!,,1,1, JUN,
197223,LABORATORIO,PRÉ ANALITICO,ESCALPE,197223,BD VACUT UT/PB 23G 367392 SCALP 1,AM,2245,HAM-HOSP SAO LUCAS,BECTON DICKINSON INDUSTRIAS CIRURGI,203100,  761.625 ,"  3,75 ","3,57",  725.067 , BECTON DICKINSON INDUSTRIAS CIRURGI,"  4,01 ",  813.841 ,  67.820 ,  52.216 ,7%,"  4,09 ",  830.979 ,  69.248 ,  69.354 ,9%,"12,0%","  3,53 ","  716.180,21 ","- 97.660,94 ","-12,0%","- 114.798,79 ",-14%,FINALIZADO,,BD COLETA,"  3,39 ",  688.509 ,- 142.470 ,-17%,,,,"  3,39 ",,,,,,,,,,,,,,,,"  3,68 ",,,,,,,,,,,,,,,,,"  10,54 ", BD,,,,,,,,,,,,,,,,,,,,,,,,,,,,,,,,,,,,,,,,,,,,,,,,,,,,,,,,,,,,,,,,,,,,,,,,,,,,,,,,,,,,,,,,,,,,#REF!,#REF!,#REF!,#REF!,#REF!,#REF!,#REF!,#REF!,#REF!,#REF!,#REF!,#REF!,#REF!,#REF!, JUN,  -   ,  -   ,  -   ,  -   ,  -   ,"- 11.872,50 ","- 11.872,50 ","- 11.872,50 ","- 11.872,50 ","- 11.872,50 ","- 11.872,50 ","- 11.872,50 ","- 83.107,50 ","- 59.362,50 ",#REF!,- 142.470 ,"-17,1%", JUN,  -   ,  -   ,  -   ,  -   ,  -   ,- 11.873 ,- 11.873 ,- 11.873 ,- 11.873 ,- 11.873 ,- 11.873 ,- 11.873 ,- 83.108 ,- 59.363 ,#REF!,,1,1, JUN,
171430,LABORATORIO,PRÉ ANALITICO,ESCALPE,171430,ESCALPE COL SANG DISP SEGUR 23GX7 367256,PE,2044,HAM-CD RECIFE,BECTON DICKINSON IND CIRURG LTDA,228450,  630.522 ,"  2,76 ","2,3",  525.435 , BECTON DICKINSON INDUSTRIAS CIRURGI,"  2,86 ",  654.064 ,  54.505 ,  23.542 ,4%,"  2,86 ",  654.130 ,  54.511 ,  23.608 ,4%,"12,0%","  2,52 ","  575.575,96 ","- 78.487,63 ","-12,0%","- 78.553,61 ",-12%,FINALIZADO,,BD COLETA,"  2,12 ",  484.314 ,- 169.816 ,-26%,,,,"  2,12 ",,,,,,,,,,,,,,,,,,,,,,,,,,,,,,,,,,,,,,,,,,,,,,,,,,,,,,,,,,,,,,,,,,,,,,,,,,,,,,,,,,,,,,,,,,,,,,,,,,,,,,,,,,,,,,,,,,,,,,,,,,,,,,#REF!,#REF!,#REF!,#REF!,#REF!,#REF!,#REF!,#REF!,#REF!,#REF!,#REF!,#REF!,#REF!,#REF!, JUN,  -   ,  -   ,  -   ,  -   ,  -   ,"- 14.151,30 ","- 14.151,30 ","- 14.151,30 ","- 14.151,30 ","- 14.151,30 ","- 14.151,30 ","- 14.151,30 ","- 99.059,08 ","- 70.756,49 ",#REF!,- 169.816 ,"-26,0%", JUN,  -   ,  -   ,  -   ,  -   ,  -   ,- 14.151 ,- 14.151 ,- 14.151 ,- 14.151 ,- 14.151 ,- 14.151 ,- 14.151 ,- 99.059 ,- 70.756 ,#REF!,,0,0, JUN,
197223,LABORATORIO,PRÉ ANALITICO,ESCALPE,197223,BD VACUT UT/PB 23G 367392 SCALP 1,GO,2235,HAM-LABORATORIO JARDIM AMERICA,BECTON DICKINSON INDUSTRIAS CIRURGI,130050,  487.688 ,"  3,75 ","3,57",  464.279 , BECTON DICKINSON INDUSTRIAS CIRURGI,"  4,01 ",  521.123 ,  43.427 ,  33.435 ,7%,"  4,09 ",  532.097 ,  44.341 ,  44.409 ,9%,"12,0%","  3,53 ","  458.588,07 ","- 62.534,74 ","-12,0%","- 73.508,53 ",-14%,FINALIZADO,,BD COLETA,"  3,39 ",  440.870 ,- 91.227 ,-17%,,,,"  3,39 ",,,,,,,,,,,,,,,,"  3,68 ",,,,,,,,,,,,,,,,,"  10,54 ", BD,,,,,,,,,,,,,,,,,,,,,,,,,,,,,,,,,,,,,,,,,,,,,,,,,,,,,,,,,,,,,,,,,,,,,,,,,,,,,,,,,,,,,,,,,,,,#REF!,#REF!,#REF!,#REF!,#REF!,#REF!,#REF!,#REF!,#REF!,#REF!,#REF!,#REF!,#REF!,#REF!, JUN,  -   ,  -   ,  -   ,  -   ,  -   ,"- 7.602,26 ","- 7.602,26 ","- 7.602,26 ","- 7.602,26 ","- 7.602,26 ","- 7.602,26 ","- 7.602,26 ","- 53.215,81 ","- 38.011,29 ",#REF!,- 91.227 ,"-17,1%", JUN,  -   ,  -   ,  -   ,  -   ,  -   ,- 7.602 ,- 7.602 ,- 7.602 ,- 7.602 ,- 7.602 ,- 7.602 ,- 7.602 ,- 53.216 ,- 38.011 ,#REF!,,0,0, JUN,
212235,LABORATORIO,PRÉ ANALITICO,TUBO,212235,VAC GEL SST 5ML 360060 TB 13X100MM,AM,2245,HAM-HOSP SAO LUCAS,BECTON DICKINSON INDUSTRIAS CIRURGI,755000,  445.446 ,"  0,59 ","0,64",  483.200 , BECTON DICKINSON INDUSTRIAS CIRURGI,"  0,63 ",  474.166 ,  39.514 ,  28.720 ,6%,"  0,64 ",  481.356 ,  40.113 ,  35.910 ,8%,"12,0%","  0,55 ","  417.266,11 ","- 56.899,92 ","-12,0%","- 64.090,34 ",-13%,FINALIZADO,,BD COLETA,"  0,64 ",  483.200 ,  1.844 ,0%,,,,"  0,64 ",,,,,,,,,,,,,,,,,,,,,,,,,,,,,,,,,,,,,,,,,,,,,,,,,,,,,,,,,,,,,,,,,,,,,,,,,,,,,,,,,,,,,,,,,,,,,,,,,,,,,,,,,,,,,,,,,,,,,,,,,,,,,,#REF!,#REF!,#REF!,#REF!,#REF!,#REF!,#REF!,#REF!,#REF!,#REF!,#REF!,#REF!,#REF!,#REF!, JUN,  -   ,  -   ,  -   ,  -   ,  -   ,"  153,63 ","  153,63 ","  153,63 ","  153,63 ","  153,63 ","  153,63 ","  153,63 ","  1.075,41 ","  768,15 ",#REF!,  1.844 ,"0,4%", JUN,  -   ,  -   ,  -   ,  -   ,  -   ,  154 ,  154 ,  154 ,  154 ,  154 ,  154 ,  154 ,  1.075 ,  768 ,#REF!,,0,0, JUN,
212236,LABORATORIO,PRÉ ANALITICO,TUBO,212236,VACUT K2 EDTA 4ML 360057 TB 13X75MM,SP,3069,NDI-CD LAPA,BECTON DICKINSON IND CIRURG LTDA,1148700,  425.019 ,"  0,37 ","0,39",  447.993 , BECTON DICKINSON INDUSTRIAS CIRURGI,"  0,39 ",  443.700 ,  36.975 ,  18.681 ,4%,"  0,40 ",  456.338 ,  38.028 ,  31.319 ,7%,"12,0%","  0,34 ","  390.456,11 ","- 53.244,01 ","-12,0%","- 65.882,34 ",-14%,FINALIZADO,,BD COLETA,"  0,39 ",  447.993 ,- 8.345 ,-2%,,,,"  0,39 ",,,,,,,,,,,,,,,,,,,,,,,,,,,,,,,,,,,,,,,,,,,,,,,,,,,,,,,,,,,,,,,,,,,,,,,,,,,,,,,,,,,,,,,,,,,,,,,,,,,,,,,,,,,,,,,,,,,,,,,,,,,,,,#REF!,#REF!,#REF!,#REF!,#REF!,#REF!,#REF!,#REF!,#REF!,#REF!,#REF!,#REF!,#REF!,#REF!, JUN,  -   ,  -   ,  -   ,  -   ,  -   ,"- 695,45 ","- 695,45 ","- 695,45 ","- 695,45 ","- 695,45 ","- 695,45 ","- 695,45 ","- 4.868,18 ","- 3.477,27 ",#REF!,- 8.345 ,"-1,8%", JUN,  -   ,  -   ,  -   ,  -   ,  -   ,- 695 ,- 695 ,- 695 ,- 695 ,- 695 ,- 695 ,- 695 ,- 4.868 ,- 3.477 ,#REF!,,1,1, JUN,
212235,LABORATORIO,PRÉ ANALITICO,TUBO,212235,VAC GEL SST 5ML 360060 TB 13X100MM,SP,3069,NDI-CD LAPA,GREINER BIO-ONE BRASIL PRO MED HOSP,578400,  414.051 ,"  0,72 ","0,64",  370.176 , BECTON DICKINSON INDUSTRIAS CIRURGI,"  0,63 ",  363.255 ,  30.271 ,- 50.795 ,-12%,"  0,64 ",  368.764 ,  30.730 ,- 45.287 ,-11%,"12,0%","  0,55 ","  319.664,53 ","- 43.590,62 ","-12,0%","- 49.099,14 ",-13%,FINALIZADO,,BD COLETA,"  0,64 ",  370.176 ,  1.412 ,0%,,,,"  0,64 ",,,,,,,,,,,,,,,,,,,,,,,,,,,,,,,,,,,,,,,,,,,,,,,,,,,,,,,,,,,,,,,,,,,,,,,,,,,,,,,,,,,,,,,,,,,,,,,,,,,,,,,,,,,,,,,,,,,,,,,,,,,,,,#REF!,#REF!,#REF!,#REF!,#REF!,#REF!,#REF!,#REF!,#REF!,#REF!,#REF!,#REF!,#REF!,#REF!, JUN,  -   ,  -   ,  -   ,  -   ,  -   ,"  117,69 ","  117,69 ","  117,69 ","  117,69 ","  117,69 ","  117,69 ","  117,69 ","  823,86 ","  588,47 ",#REF!,  1.412 ,"0,4%", JUN,  -   ,  -   ,  -   ,  -   ,  -   ,  118 ,  118 ,  118 ,  118 ,  118 ,  118 ,  118 ,  824 ,  588 ,#REF!,,0,0, JUN,
197223,LABORATORIO,PRÉ ANALITICO,ESCALPE,197223,BD VACUT UT/PB 23G 367392 SCALP 1,BA,2043,HAM-CD SALVADOR,BECTON DICKINSON IND CIRURG LTDA,106750,  400.313 ,"  3,75 ","3,57",  381.098 , BECTON DICKINSON INDUSTRIAS CIRURGI,"  4,01 ",  427.757 ,  35.646 ,  27.445 ,7%,"  4,09 ",  436.765 ,  36.397 ,  36.453 ,9%,"12,0%","  3,53 ","  376.426,57 ","- 51.330,90 ","-12,0%","- 60.338,61 ",-14%,FINALIZADO,,BD COLETA,"  3,39 ",  361.883 ,- 74.883 ,-17%,,,,"  3,39 ",,,,,,,,,,,,,,,,"  3,68 ",,,,,,,,,,,,,,,,,"  10,54 ", BD,,,,,,,,,,,,,,,,,,,,,,,,,,,,,,,,,,,,,,,,,,,,,,,,,,,,,,,,,,,,,,,,,,,,,,,,,,,,,,,,,,,,,,,,,,,,#REF!,#REF!,#REF!,#REF!,#REF!,#REF!,#REF!,#REF!,#REF!,#REF!,#REF!,#REF!,#REF!,#REF!, JUN,  -   ,  -   ,  -   ,  -   ,  -   ,"- 6.240,22 ","- 6.240,22 ","- 6.240,22 ","- 6.240,22 ","- 6.240,22 ","- 6.240,22 ","- 6.240,22 ","- 43.681,56 ","- 31.201,12 ",#REF!,- 74.883 ,"-17,1%", JUN,  -   ,  -   ,  -   ,  -   ,  -   ,- 6.240 ,- 6.240 ,- 6.240 ,- 6.240 ,- 6.240 ,- 6.240 ,- 6.240 ,- 43.682 ,- 31.201 ,#REF!,,0,0, JUN,
213624,159,PRÉ ANALITICO,SERINGA,213624,SERINGA GASO C/HEPAR 2ML,SP,3069,NDI-CD LAPA,SARSTEDT LTDA,205200,  395.326 ,"  1,93 ","195,04",  40.022.208 , SARSTEDT LTDA,"  1,96 ",  402.096 ,  33.508 ,  6.770 ,2%,"  1,95 ",  400.271 ,  33.356 ,  4.946 ,1%,"12,0%","  1,72 ","  353.844,48 ","- 48.251,52 ","-12,0%","- 46.426,99 ",-12%,FINALIZADO,,SARSTEDT,"  1,95 ",  400.140 ,- 131 ,0%,,,,,,,,"  1,95 ", SARSTEDT,,,,,,,,,,,,,,,,,,,,,,,,,,,,"  3,21 ", FIRST LAB,,,,,,,,,,,,,,,,,,,,,,,,,,,,,,,,,,,,,,,,,,,,,,,,,,,,,,,,,,,,,,,,,,,,,,,,,,,,,,,,,,,,,,,,,,,,#REF!,#REF!,#REF!,#REF!,#REF!,#REF!,#REF!,#REF!,#REF!,#REF!,#REF!,#REF!,#REF!,#REF!, MAI,  -   ,  -   ,  -   ,  -   ,"- 10,96 ","- 10,96 ","- 10,96 ","- 10,96 ","- 10,96 ","- 10,96 ","- 10,96 ","- 10,96 ",- 88 ,"- 43,82 ",#REF!,- 131 ,"0,0%", MAI,  -   ,  -   ,  -   ,  -   ,- 11 ,- 11 ,- 11 ,- 11 ,- 11 ,- 11 ,- 11 ,- 11 ,- 88 ,- 44 ,#REF!,,1,1, MAI,
150420,LABORATORIO,PRÉ ANALITICO,AGULHA,150420,AGULHA MULTI COL SANG DISPSEG 21G 368607,CE,2045,HAM-CD FORTALEZA,BECTON DICKINSON IND CIRURG LTDA,568752,  381.065 ,"  0,67 ","0,74",  420.876 , BECTON DICKINSON INDUSTRIAS CIRURGI,"  0,77 ",  438.086 ,  36.507 ,  57.020 ,15%,"  0,79 ",  451.946 ,  37.662 ,  70.881 ,19%,"12,0%","  0,68 ","  385.515,43 ","- 52.570,29 ","-12,0%","- 66.430,45 ",-15%,FINALIZADO,,BD COLETA,"  0,74 ",  420.876 ,- 31.069 ,-7%,,,,"  0,74 ",,,,,,,,,,,,,,,,,,,,,,,,,,,,,,,,,"  1,31 ", LABOR IMPORT,,,,,,,,,,,,,,,,,,,,,,,,,,,,,,,,,,,,,,,,,,,,,,,,,,,,,,,,,,,,,,,,,,,,,,,,,,,,,,,,,,,,,,,,,,,,#REF!,#REF!,#REF!,#REF!,#REF!,#REF!,#REF!,#REF!,#REF!,#REF!,#REF!,#REF!,#REF!,#REF!, JUN,  -   ,  -   ,  -   ,  -   ,  -   ,"- 2.589,12 ","- 2.589,12 ","- 2.589,12 ","- 2.589,12 ","- 2.589,12 ","- 2.589,12 ","- 2.589,12 ","- 18.123,82 ","- 12.945,58 ",#REF!,- 31.069 ,"-6,9%", JUN,  -   ,  -   ,  -   ,  -   ,  -   ,- 2.589 ,- 2.589 ,- 2.589 ,- 2.589 ,- 2.589 ,- 2.589 ,- 2.589 ,- 18.124 ,- 12.946 ,#REF!,,0,0, JUN,
212235,LABORATORIO,PRÉ ANALITICO,TUBO,212235,VAC GEL SST 5ML 360060 TB 13X100MM,PE,2044,HAM-CD RECIFE,BECTON DICKINSON IND CIRURG LTDA,603700,  356.183 ,"  0,59 ","0,64",  386.368 , BECTON DICKINSON INDUSTRIAS CIRURGI,"  0,63 ",  379.144 ,  31.595 ,  22.961 ,6%,"  0,64 ",  384.894 ,  32.074 ,  28.711 ,8%,"12,0%","  0,55 ","  333.647,09 ","- 45.497,33 ","-12,0%","- 51.246,80 ",-13%,FINALIZADO,,BD COLETA,"  0,64 ",  386.368 ,  1.474 ,0%,,,,"  0,64 ",,,,,,,,,,,,,,,,,,,,,,,,,,,,,,,,,,,,,,,,,,,,,,,,,,,,,,,,,,,,,,,,,,,,,,,,,,,,,,,,,,,,,,,,,,,,,,,,,,,,,,,,,,,,,,,,,,,,,,,,,,,,,,#REF!,#REF!,#REF!,#REF!,#REF!,#REF!,#REF!,#REF!,#REF!,#REF!,#REF!,#REF!,#REF!,#REF!, JUN,  -   ,  -   ,  -   ,  -   ,  -   ,"  122,84 ","  122,84 ","  122,84 ","  122,84 ","  122,84 ","  122,84 ","  122,84 ","  859,90 ","  614,21 ",#REF!,  1.474 ,"0,4%", JUN,  -   ,  -   ,  -   ,  -   ,  -   ,  123 ,  123 ,  123 ,  123 ,  123 ,  123 ,  123 ,  860 ,  614 ,#REF!,,0,0, JUN,
212236,LABORATORIO,PRÉ ANALITICO,TUBO,212236,VACUT K2 EDTA 4ML 360057 TB 13X75MM,SP,3069,NDI-CD LAPA,GREINER BIO-ONE BRASIL PRO MED HOSP,684000,  324.759 ,"  0,47 ","0,39",  266.760 , BECTON DICKINSON INDUSTRIAS CIRURGI,"  0,39 ",  264.204 ,  22.017 ,- 60.555 ,-19%,"  0,40 ",  271.729 ,  22.644 ,- 53.030 ,-16%,"12,0%","  0,34 ","  232.499,33 ","- 31.704,45 ","-12,0%","- 39.230,02 ",-14%,FINALIZADO,,BD COLETA,"  0,39 ",  266.760 ,- 4.969 ,-2%,,,,"  0,39 ",,,,,,,,,,,,,,,,,,,,,,,,,,,,,,,,,,,,,,,,,,,,,,,,,,,,,,,,,,,,,,,,,,,,,,,,,,,,,,,,,,,,,,,,,,,,,,,,,,,,,,,,,,,,,,,,,,,,,,,,,,,,,,#REF!,#REF!,#REF!,#REF!,#REF!,#REF!,#REF!,#REF!,#REF!,#REF!,#REF!,#REF!,#REF!,#REF!, JUN,  -   ,  -   ,  -   ,  -   ,  -   ,"- 414,11 ","- 414,11 ","- 414,11 ","- 414,11 ","- 414,11 ","- 414,11 ","- 414,11 ","- 2.898,78 ","- 2.070,56 ",#REF!,- 4.969 ,"-1,8%", JUN,  -   ,  -   ,  -   ,  -   ,  -   ,- 414 ,- 414 ,- 414 ,- 414 ,- 414 ,- 414 ,- 414 ,- 2.899 ,- 2.071 ,#REF!,,0,0, JUN,
152794,LABORATORIO,PRÉ ANALITICO,TUBO,152794,TUBO 13X75MM C/CIT SODIO 2.7ML 363083,AM,2245,HAM-HOSP SAO LUCAS,BECTON DICKINSON INDUSTRIAS CIRURGI,261010,  318.432 ,"  1,22 ","1,22",  318.432 , BECTON DICKINSON INDUSTRIAS CIRURGI,"  1,39 ",  362.499 ,  30.208 ,  44.066 ,14%,"  1,51 ",  393.857 ,  32.821 ,  75.425 ,24%,"12,0%","  1,22 ","  318.998,73 ","- 43.499,83 ","-12,0%","- 74.858,66 ",-19%,FINALIZADO,,BD COLETA,"  1,22 ",  318.432 ,- 75.425 ,-19%,,,,"  1,22 ","  2,30 ",,,,,,,,,,,,,,,,,,,,,,,,,,,,,,,,,,,,,,,,,,,,,,,,,,,,,,,,,,,,,,,,,,,,,,,,,,,,,,,,,,,,,,,,,,,,,,,,,,,,,,,,,,,,,,,,,,,,,,,,,,,,,#REF!,#REF!,#REF!,#REF!,#REF!,#REF!,#REF!,#REF!,#REF!,#REF!,#REF!,#REF!,#REF!,#REF!, JUN,  -   ,  -   ,  -   ,  -   ,  -   ,"- 6.285,43 ","- 6.285,43 ","- 6.285,43 ","- 6.285,43 ","- 6.285,43 ","- 6.285,43 ","- 6.285,43 ","- 43.998,03 ","- 31.427,16 ",#REF!,- 75.425 ,"-19,2%", JUN,  -   ,  -   ,  -   ,  -   ,  -   ,- 6.285 ,- 6.285 ,- 6.285 ,- 6.285 ,- 6.285 ,- 6.285 ,- 6.285 ,- 43.998 ,- 31.427 ,#REF!,,0,0, JUN,
213624,LABORATORIO,PRÉ ANALITICO,SERINGA,213624,SERINGA GASO C/HEPAR 2ML,AM,2245,HAM-HOSP SAO LUCAS,SARSTEDT LTDA,162400,  314.905 ,"  1,94 ","195,04",  31.674.496 , SARSTEDT LTDA,"  1,96 ",  318.228 ,  26.519 ,  3.323 ,1%,"  1,95 ",  316.784 ,  26.399 ,  1.879 ,1%,"12,0%","  1,72 ","  280.040,66 ","- 38.187,36 ","-12,0%","- 36.743,39 ",-12%,FINALIZADO,,SARSTEDT,"  1,95 ",  316.680 ,- 104 ,0%,,,,,,,,"  1,95 ", SARSTEDT,,,,,,,,,,,,,,,,,,,,,,,,,,,,"  3,64 ", FIRST LAB,,,,,,,,,,,,,,,,,,,,,,,,,,,,,,,,,,,,,,,,,,,,,,,,,,,,,,,,,,,,,,,,,,,,,,,,,,,,,,,,,,,,,,,,,,,,#REF!,#REF!,#REF!,#REF!,#REF!,#REF!,#REF!,#REF!,#REF!,#REF!,#REF!,#REF!,#REF!,#REF!, MAI,  -   ,  -   ,  -   ,  -   ,"- 8,67 ","- 8,67 ","- 8,67 ","- 8,67 ","- 8,67 ","- 8,67 ","- 8,67 ","- 8,67 ",- 69 ,"- 34,68 ",#REF!,- 104 ,"0,0%", MAI,  -   ,  -   ,  -   ,  -   ,- 9 ,- 9 ,- 9 ,- 9 ,- 9 ,- 9 ,- 9 ,- 9 ,- 69 ,- 35 ,#REF!,,0,0, MAI,
212235,LABORATORIO,PRÉ ANALITICO,TUBO,212235,VAC GEL SST 5ML 360060 TB 13X100MM,CE,2045,HAM-CD FORTALEZA,BECTON DICKINSON IND CIRURG LTDA,527900,  311.461 ,"  0,59 ","0,64",  337.856 , BECTON DICKINSON INDUSTRIAS CIRURGI,"  0,63 ",  331.539 ,  27.628 ,  20.078 ,6%,"  0,64 ",  336.567 ,  28.047 ,  25.106 ,8%,"12,0%","  0,55 ","  291.754,67 ","- 39.784,73 ","-12,0%","- 44.812,30 ",-13%,FINALIZADO,,BD COLETA,"  0,64 ",  337.856 ,  1.289 ,0%,,,,"  0,64 ",,,,,,,,,,,,,,,,,,,,,,,,,,,,,,,,,,,,,,,,,,,,,,,,,,,,,,,,,,,,,,,,,,,,,,,,,,,,,,,,,,,,,,,,,,,,,,,,,,,,,,,,,,,,,,,,,,,,,,,,,,,,,,#REF!,#REF!,#REF!,#REF!,#REF!,#REF!,#REF!,#REF!,#REF!,#REF!,#REF!,#REF!,#REF!,#REF!, JUN,  -   ,  -   ,  -   ,  -   ,  -   ,"  107,42 ","  107,42 ","  107,42 ","  107,42 ","  107,42 ","  107,42 ","  107,42 ","  751,93 ","  537,09 ",#REF!,  1.289 ,"0,4%", JUN,  -   ,  -   ,  -   ,  -   ,  -   ,  107 ,  107 ,  107 ,  107 ,  107 ,  107 ,  107 ,  752 ,  537 ,#REF!,,0,0, JUN,
212235,LABORATORIO,PRÉ ANALITICO,TUBO,212235,VAC GEL SST 5ML 360060 TB 13X100MM,SP,2277,HAM-CD RIBEIRAO PRETO,BECTON DICKINSON IND CIRURG LTDA,527000,  310.930 ,"  0,59 ","0,64",  337.280 , BECTON DICKINSON INDUSTRIAS CIRURGI,"  0,63 ",  330.974 ,  27.581 ,  20.044 ,6%,"  0,64 ",  335.993 ,  27.999 ,  25.063 ,8%,"12,0%","  0,55 ","  291.257,27 ","- 39.716,90 ","-12,0%","- 44.735,91 ",-13%,FINALIZADO,,BD COLETA,"  0,64 ",  337.280 ,  1.287 ,0%,,,,"  0,64 ",,,,,,,,,,,,,,,,,,,,,,,,,,,,,,,,,,,,,,,,,,,,,,,,,,,,,,,,,,,,,,,,,,,,,,,,,,,,,,,,,,,,,,,,,,,,,,,,,,,,,,,,,,,,,,,,,,,,,,,,,,,,,,#REF!,#REF!,#REF!,#REF!,#REF!,#REF!,#REF!,#REF!,#REF!,#REF!,#REF!,#REF!,#REF!,#REF!, JUN,  -   ,  -   ,  -   ,  -   ,  -   ,"  107,24 ","  107,24 ","  107,24 ","  107,24 ","  107,24 ","  107,24 ","  107,24 ","  750,65 ","  536,18 ",#REF!,  1.287 ,"0,4%", JUN,  -   ,  -   ,  -   ,  -   ,  -   ,  107 ,  107 ,  107 ,  107 ,  107 ,  107 ,  107 ,  751 ,  536 ,#REF!,,0,0, JUN,
212236,LABORATORIO,PRÉ ANALITICO,TUBO,212236,VACUT K2 EDTA 4ML 360057 TB 13X75MM,AM,2245,HAM-HOSP SAO LUCAS,BECTON DICKINSON INDUSTRIAS CIRURGI,800000,  295.999 ,"  0,37 ","0,39",  312.000 , BECTON DICKINSON INDUSTRIAS CIRURGI,"  0,39 ",  309.010 ,  25.751 ,  13.011 ,4%,"  0,40 ",  317.812 ,  26.484 ,  21.813 ,7%,"12,0%","  0,34 ","  271.929,04 ","- 37.081,23 ","-12,0%","- 45.883,06 ",-14%,FINALIZADO,,BD COLETA,"  0,39 ",  312.000 ,- 5.812 ,-2%,,,,"  0,39 ",,,,,,,,,,,,,,,,,,,,,,,,,,,,,,,,,,,,,,,,,,,,,,,,,,,,,,,,,,,,,,,,,,,,,,,,,,,,,,,,,,,,,,,,,,,,,,,,,,,,,,,,,,,,,,,,,,,,,,,,,,,,,,#REF!,#REF!,#REF!,#REF!,#REF!,#REF!,#REF!,#REF!,#REF!,#REF!,#REF!,#REF!,#REF!,#REF!, JUN,  -   ,  -   ,  -   ,  -   ,  -   ,"- 484,34 ","- 484,34 ","- 484,34 ","- 484,34 ","- 484,34 ","- 484,34 ","- 484,34 ","- 3.390,39 ","- 2.421,71 ",#REF!,- 5.812 ,"-1,8%", JUN,  -   ,  -   ,  -   ,  -   ,  -   ,- 484 ,- 484 ,- 484 ,- 484 ,- 484 ,- 484 ,- 484 ,- 3.390 ,- 2.422 ,#REF!,,0,0, JUN,
212235,LABORATORIO,PRÉ ANALITICO,TUBO,212235,VAC GEL SST 5ML 360060 TB 13X100MM,SP,2277,HAM-CD RIBEIRAO PRETO,GLOBALMED BRASIL DISTRIBUIDORA,300400,  267.356 ,"  0,89 ","0,64",  192.256 , BECTON DICKINSON INDUSTRIAS CIRURGI,"  0,63 ",  188.662 ,  15.722 ,- 78.694 ,-29%,"  0,64 ",  191.522 ,  15.960 ,- 75.834 ,-28%,"12,0%","  0,55 ","  166.022,17 ","- 22.639,39 ","-12,0%","- 25.500,31 ",-13%,FINALIZADO,,BD COLETA,"  0,64 ",  192.256 ,  734 ,0%,,,,"  0,64 ",,,,,,,,,,,,,,,,,,,,,,,,,,,,,,,,,,,,,,,,,,,,,,,,,,,,,,,,,,,,,,,,,,,,,,,,,,,,,,,,,,,,,,,,,,,,,,,,,,,,,,,,,,,,,,,,,,,,,,,,,,,,,,#REF!,#REF!,#REF!,#REF!,#REF!,#REF!,#REF!,#REF!,#REF!,#REF!,#REF!,#REF!,#REF!,#REF!, JUN,  -   ,  -   ,  -   ,  -   ,  -   ,"  61,13 ","  61,13 ","  61,13 ","  61,13 ","  61,13 ","  61,13 ","  61,13 ","  427,88 ","  305,63 ",#REF!,  734 ,"0,4%", JUN,  -   ,  -   ,  -   ,  -   ,  -   ,  61 ,  61 ,  61 ,  61 ,  61 ,  61 ,  61 ,  428 ,  306 ,#REF!,,0,0, JUN,
150420,LABORATORIO,PRÉ ANALITICO,AGULHA,150420,AGULHA MULTI COL SANG DISPSEG 21G 368607,PE,2044,HAM-CD RECIFE,BECTON DICKINSON IND CIRURG LTDA,376992,  252.586 ,"  0,67 ","0,74",  278.974 , BECTON DICKINSON INDUSTRIAS CIRURGI,"  0,77 ",  290.381 ,  24.198 ,  37.795 ,15%,"  0,79 ",  299.568 ,  24.964 ,  46.982 ,19%,"12,0%","  0,68 ","  255.535,33 ","- 34.845,73 ","-12,0%","- 44.032,81 ",-15%,FINALIZADO,,BD COLETA,"  0,74 ",  278.974 ,- 20.594 ,-7%,,,,"  0,74 ",,,,,,,,,,,,,,,,,,,,,,,,,,,,,,,,,"  1,31 ", LABOR IMPORT,,,,,,,,,,,,,,,,,,,,,,,,,,,,,,,,,,,,,,,,,,,,,,,,,,,,,,,,,,,,,,,,,,,,,,,,,,,,,,,,,,,,,,,,,,,,#REF!,#REF!,#REF!,#REF!,#REF!,#REF!,#REF!,#REF!,#REF!,#REF!,#REF!,#REF!,#REF!,#REF!, JUN,  -   ,  -   ,  -   ,  -   ,  -   ,"- 1.716,17 ","- 1.716,17 ","- 1.716,17 ","- 1.716,17 ","- 1.716,17 ","- 1.716,17 ","- 1.716,17 ","- 12.013,20 ","- 8.580,86 ",#REF!,- 20.594 ,"-6,9%", JUN,  -   ,  -   ,  -   ,  -   ,  -   ,- 1.716 ,- 1.716 ,- 1.716 ,- 1.716 ,- 1.716 ,- 1.716 ,- 1.716 ,- 12.013 ,- 8.581 ,#REF!,,0,0, JUN,
197223,LABORATORIO,PRÉ ANALITICO,ESCALPE,197223,BD VACUT UT/PB 23G 367392 SCALP 1,MA,2294,HAM-CLINICA LIA VARELLA,BECTON DICKINSON INDUSTRIAS CIRURGI,66000,  247.500 ,"  3,75 ","3,57",  235.620 , BECTON DICKINSON INDUSTRIAS CIRURGI,"  4,01 ",  264.468 ,  22.039 ,  16.968 ,7%,"  4,09 ",  270.037 ,  22.503 ,  22.537 ,9%,"12,0%","  3,53 ","  232.732,12 ","- 31.736,20 ","-12,0%","- 37.305,37 ",-14%,FINALIZADO,,BD COLETA,"  3,39 ",  223.740 ,- 46.297 ,-17%,,,,"  3,39 ",,,,,,,,,,,,,,,,"  3,68 ",,,,,,,,,,,,,,,,,"  10,54 ", BD,,,,,,,,,,,,,,,,,,,,,,,,,,,,,,,,,,,,,,,,,,,,,,,,,,,,,,,,,,,,,,,,,,,,,,,,,,,,,,,,,,,,,,,,,,,,#REF!,#REF!,#REF!,#REF!,#REF!,#REF!,#REF!,#REF!,#REF!,#REF!,#REF!,#REF!,#REF!,#REF!, JUN,  -   ,  -   ,  -   ,  -   ,  -   ,"- 3.858,12 ","- 3.858,12 ","- 3.858,12 ","- 3.858,12 ","- 3.858,12 ","- 3.858,12 ","- 3.858,12 ","- 27.006,87 ","- 19.290,62 ",#REF!,- 46.297 ,"-17,1%", JUN,  -   ,  -   ,  -   ,  -   ,  -   ,- 3.858 ,- 3.858 ,- 3.858 ,- 3.858 ,- 3.858 ,- 3.858 ,- 3.858 ,- 27.007 ,- 19.291 ,#REF!,,0,0, JUN,
150420,LABORATORIO,PRÉ ANALITICO,AGULHA,150420,AGULHA MULTI COL SANG DISPSEG 21G 368607,AM,2245,HAM-HOSP SAO LUCAS,BECTON DICKINSON INDUSTRIAS CIRURGI,357376,  241.014 ,"  0,67 ","0,74",  264.458 , BECTON DICKINSON INDUSTRIAS CIRURGI,"  0,77 ",  275.272 ,  22.939 ,  34.258 ,14%,"  0,79 ",  283.981 ,  23.665 ,  42.967 ,18%,"12,0%","  0,68 ","  242.239,08 ","- 33.032,60 ","-12,0%","- 41.741,65 ",-15%,FINALIZADO,,BD COLETA,"  0,74 ",  264.458 ,- 19.522 ,-7%,,,,"  0,74 ",,,,,,,,,,,,,,,,,,,,,,,,,,,,,,,,,"  1,31 ", LABOR IMPORT,,,,,,,,,,,,,,,,,,,,,,,,,,,,,,,,,,,,,,,,,,,,,,,,,,,,,,,,,,,,,,,,,,,,,,,,,,,,,,,,,,,,,,,,,,,,#REF!,#REF!,#REF!,#REF!,#REF!,#REF!,#REF!,#REF!,#REF!,#REF!,#REF!,#REF!,#REF!,#REF!, JUN,  -   ,  -   ,  -   ,  -   ,  -   ,"- 1.626,87 ","- 1.626,87 ","- 1.626,87 ","- 1.626,87 ","- 1.626,87 ","- 1.626,87 ","- 1.626,87 ","- 11.388,12 ","- 8.134,37 ",#REF!,- 19.522 ,"-6,9%", JUN,  -   ,  -   ,  -   ,  -   ,  -   ,- 1.627 ,- 1.627 ,- 1.627 ,- 1.627 ,- 1.627 ,- 1.627 ,- 1.627 ,- 11.388 ,- 8.134 ,#REF!,,0,0, JUN,
212235,LABORATORIO,PRÉ ANALITICO,TUBO,212235,VAC GEL SST 5ML 360060 TB 13X100MM,PE,2044,HAM-CD RECIFE,GLOBALMED BRASIL DISTRIBUIDORA,252700,  224.903 ,"  0,89 ","0,64",  161.728 , BECTON DICKINSON INDUSTRIAS CIRURGI,"  0,63 ",  158.704 ,  13.225 ,- 66.199 ,-29%,"  0,64 ",  161.111 ,  13.426 ,- 63.792 ,-28%,"12,0%","  0,55 ","  139.659,80 ","- 19.044,52 ","-12,0%","- 21.451,16 ",-13%,FINALIZADO,,BD COLETA,"  0,64 ",  161.728 ,  617 ,0%,,,,"  0,64 ",,,,,,,,,,,,,,,,,,,,,,,,,,,,,,,,,,,,,,,,,,,,,,,,,,,,,,,,,,,,,,,,,,,,,,,,,,,,,,,,,,,,,,,,,,,,,,,,,,,,,,,,,,,,,,,,,,,,,,,,,,,,,,#REF!,#REF!,#REF!,#REF!,#REF!,#REF!,#REF!,#REF!,#REF!,#REF!,#REF!,#REF!,#REF!,#REF!, JUN,  -   ,  -   ,  -   ,  -   ,  -   ,"  51,42 ","  51,42 ","  51,42 ","  51,42 ","  51,42 ","  51,42 ","  51,42 ","  359,94 ","  257,10 ",#REF!,  617 ,"0,4%", JUN,  -   ,  -   ,  -   ,  -   ,  -   ,  51 ,  51 ,  51 ,  51 ,  51 ,  51 ,  51 ,  360 ,  257 ,#REF!,,0,0, JUN,
212234,LABORATORIO,PRÉ ANALITICO,TUBO,212234,"VAC GEL SST 3,5ML 360059 TB 13X75MM",BA,2043,HAM-CD SALVADOR,BECTON DICKINSON IND CIRURG LTDA,400200,  224.109 ,"  0,56 ","0,58",  232.116 , BECTON DICKINSON INDUSTRIAS CIRURGI,"  0,61 ",  242.590 ,  20.216 ,  18.480 ,8%,"  0,62 ",  249.392 ,  20.783 ,  25.283 ,11%,"12,0%","  0,53 ","  213.478,99 ","- 29.110,77 ","-12,0%","- 35.913,32 ",-14%,FINALIZADO,,BD COLETA,"  0,58 ",  232.116 ,- 17.276 ,-7%,,,,"  0,58 ",,,,,,,,,,,,,,,,,,,,,,,,,,,,,,,,,,,,,,,,,,,,,,,,,,,,,,,,,,,,,,,,,,,,,,,,,,,,,,,,,,,,,,,,,,,,,,,,,,,,,,,,,,,,,,,,,,,,,,,,,,,,,,#REF!,#REF!,#REF!,#REF!,#REF!,#REF!,#REF!,#REF!,#REF!,#REF!,#REF!,#REF!,#REF!,#REF!, JUN,  -   ,  -   ,  -   ,  -   ,  -   ,"- 1.439,69 ","- 1.439,69 ","- 1.439,69 ","- 1.439,69 ","- 1.439,69 ","- 1.439,69 ","- 1.439,69 ","- 10.077,85 ","- 7.198,46 ",#REF!,- 17.276 ,"-6,9%", JUN,  -   ,  -   ,  -   ,  -   ,  -   ,- 1.440 ,- 1.440 ,- 1.440 ,- 1.440 ,- 1.440 ,- 1.440 ,- 1.440 ,- 10.078 ,- 7.198 ,#REF!,,1,1, JUN,
212234,LABORATORIO,PRÉ ANALITICO,TUBO,212234,"VAC GEL SST 3,5ML 360059 TB 13X75MM",CE,2045,HAM-CD FORTALEZA,BECTON DICKINSON IND CIRURG LTDA,388800,  217.726 ,"  0,56 ","0,58",  225.504 , BECTON DICKINSON INDUSTRIAS CIRURGI,"  0,61 ",  235.679 ,  19.640 ,  17.953 ,8%,"  0,62 ",  242.288 ,  20.191 ,  24.562 ,11%,"12,0%","  0,53 ","  207.397,88 ","- 28.281,53 ","-12,0%","- 34.890,30 ",-14%,FINALIZADO,,BD COLETA,"  0,58 ",  225.504 ,- 16.784 ,-7%,,,,"  0,58 ",,,,,,,,,,,,,,,,,,,,,,,,,,,,,,,,,,,,,,,,,,,,,,,,,,,,,,,,,,,,,,,,,,,,,,,,,,,,,,,,,,,,,,,,,,,,,,,,,,,,,,,,,,,,,,,,,,,,,,,,,,,,,,#REF!,#REF!,#REF!,#REF!,#REF!,#REF!,#REF!,#REF!,#REF!,#REF!,#REF!,#REF!,#REF!,#REF!, JUN,  -   ,  -   ,  -   ,  -   ,  -   ,"- 1.398,68 ","- 1.398,68 ","- 1.398,68 ","- 1.398,68 ","- 1.398,68 ","- 1.398,68 ","- 1.398,68 ","- 9.790,77 ","- 6.993,41 ",#REF!,- 16.784 ,"-6,9%", JUN,  -   ,  -   ,  -   ,  -   ,  -   ,- 1.399 ,- 1.399 ,- 1.399 ,- 1.399 ,- 1.399 ,- 1.399 ,- 1.399 ,- 9.791 ,- 6.993 ,#REF!,,0,0, JUN,
150420,LABORATORIO,PRÉ ANALITICO,AGULHA,150420,AGULHA MULTI COL SANG DISPSEG 21G 368607,SP,2277,HAM-CD RIBEIRAO PRETO,BECTON DICKINSON IND CIRURG LTDA,310368,  207.947 ,"  0,67 ","0,74",  229.672 , BECTON DICKINSON INDUSTRIAS CIRURGI,"  0,77 ",  239.063 ,  19.922 ,  31.117 ,15%,"  0,79 ",  246.627 ,  20.552 ,  38.680 ,19%,"12,0%","  0,68 ","  210.375,79 ","- 28.687,61 ","-12,0%","- 36.251,10 ",-15%,FINALIZADO,,BD COLETA,"  0,74 ",  229.672 ,- 16.955 ,-7%,,,,"  0,74 ",,,,,,,,,,,,,,,,,,,,,,,,,,,,,,,,,"  1,15 ", LABOR IMPORT,,,,,,,,,,,,,,,,,,,,,,,,,,,,,,,,,,,,,,,,,,,,,,,,,,,,,,,,,,,,,,,,,,,,,,,,,,,,,,,,,,,,,,,,,,,,#REF!,#REF!,#REF!,#REF!,#REF!,#REF!,#REF!,#REF!,#REF!,#REF!,#REF!,#REF!,#REF!,#REF!, JUN,  -   ,  -   ,  -   ,  -   ,  -   ,"- 1.412,88 ","- 1.412,88 ","- 1.412,88 ","- 1.412,88 ","- 1.412,88 ","- 1.412,88 ","- 1.412,88 ","- 9.890,17 ","- 7.064,41 ",#REF!,- 16.955 ,"-6,9%", JUN,  -   ,  -   ,  -   ,  -   ,  -   ,- 1.413 ,- 1.413 ,- 1.413 ,- 1.413 ,- 1.413 ,- 1.413 ,- 1.413 ,- 9.890 ,- 7.064 ,#REF!,,0,0, JUN,
152794,LABORATORIO,PRÉ ANALITICO,TUBO,152794,TUBO 13X75MM C/CIT SODIO 2.7ML 363083,CE,2045,HAM-CD FORTALEZA,BECTON DICKINSON IND CIRURG LTDA,167700,  204.594 ,"  1,22 ","1,22",  204.594 , BECTON DICKINSON INDUSTRIAS CIRURGI,"  1,39 ",  232.907 ,  19.409 ,  28.313 ,14%,"  1,51 ",  253.055 ,  21.088 ,  48.461 ,24%,"12,0%","  1,22 ","  204.958,00 ","- 27.948,82 ","-12,0%","- 48.097,00 ",-19%,FINALIZADO,,BD COLETA,"  1,22 ",  204.594 ,- 48.461 ,-19%,,,,"  1,22 ",,,,,,,,,,,,,,,,,,,,,,,,,,,,,,,,,,,,,,,,,,,,,,,,,,,,,,,,,,,,,,,,,,,,,,,,,,,,,,,,,,,,,,,,,,,,,,,,,,,,,,,,,,,,,,,,,,,,,,,,,,,,,,#REF!,#REF!,#REF!,#REF!,#REF!,#REF!,#REF!,#REF!,#REF!,#REF!,#REF!,#REF!,#REF!,#REF!, JUN,  -   ,  -   ,  -   ,  -   ,  -   ,"- 4.038,42 ","- 4.038,42 ","- 4.038,42 ","- 4.038,42 ","- 4.038,42 ","- 4.038,42 ","- 4.038,42 ","- 28.268,91 ","- 20.192,08 ",#REF!,- 48.461 ,"-19,2%", JUN,  -   ,  -   ,  -   ,  -   ,  -   ,- 4.038 ,- 4.038 ,- 4.038 ,- 4.038 ,- 4.038 ,- 4.038 ,- 4.038 ,- 28.269 ,- 20.192 ,#REF!,,0,0, JUN,
212236,LABORATORIO,PRÉ ANALITICO,TUBO,212236,VACUT K2 EDTA 4ML 360057 TB 13X75MM,CE,2045,HAM-CD FORTALEZA,BECTON DICKINSON IND CIRURG LTDA,552300,  204.351 ,"  0,37 ","0,39",  215.397 , BECTON DICKINSON INDUSTRIAS CIRURGI,"  0,39 ",  213.333 ,  17.778 ,  8.982 ,4%,"  0,40 ",  219.410 ,  18.284 ,  15.059 ,7%,"12,0%","  0,34 ","  187.733,01 ","- 25.599,96 ","-12,0%","- 31.676,52 ",-14%,FINALIZADO,,BD COLETA,"  0,39 ",  215.397 ,- 4.013 ,-2%,,,,"  0,39 ",,,,,,,,,,,,,,,,,,,,,,,,,,,,,,,,,,,,,,,,,,,,,,,,,,,,,,,,,,,,,,,,,,,,,,,,,,,,,,,,,,,,,,,,,,,,,,,,,,,,,,,,,,,,,,,,,,,,,,,,,,,,,,#REF!,#REF!,#REF!,#REF!,#REF!,#REF!,#REF!,#REF!,#REF!,#REF!,#REF!,#REF!,#REF!,#REF!, JUN,  -   ,  -   ,  -   ,  -   ,  -   ,"- 334,38 ","- 334,38 ","- 334,38 ","- 334,38 ","- 334,38 ","- 334,38 ","- 334,38 ","- 2.340,64 ","- 1.671,89 ",#REF!,- 4.013 ,"-1,8%", JUN,  -   ,  -   ,  -   ,  -   ,  -   ,- 334 ,- 334 ,- 334 ,- 334 ,- 334 ,- 334 ,- 334 ,- 2.341 ,- 1.672 ,#REF!,,0,0, JUN,
139779,LABORATORIO,PRÉ ANALITICO,TUBO,139779,TUBO PLAS C/GEL SST 3.5ML PLUS 367983,AM,2245,HAM-HOSP SAO LUCAS,BECTON DICKINSON INDUSTRIAS CIRURGI,350000,  196.000 ,"  0,56 ","0,58",  203.000 , BECTON DICKINSON INDUSTRIAS CIRURGI,"  0,58 ",  201.938 ,  16.828 ,  5.938 ,3%,"  0,56 ",  195.993 ,  16.333 ,- 7 ,0%,"12,0%","  0,51 ","  177.705,87 ","- 24.232,62 ","-12,0%","- 18.287,35 ",-9%,FINALIZADO,,BD COLETA,"  0,58 ",  203.000 ,  7.007 ,4%,,,,"  0,58 ",,,,,,,,,,,,,,,,,,,,,,,,,,,,,,,,,,,,,,,,,,,,,,,,,,,,,,,,,,,,,,,,,,,,,,,,,,,,,,,,,,,,,,,,,,,,,,,,,,,,,,,,,,,,,,,,,,,,,,,,,,,,,,#REF!,#REF!,#REF!,#REF!,#REF!,#REF!,#REF!,#REF!,#REF!,#REF!,#REF!,#REF!,#REF!,#REF!, JUN,  -   ,  -   ,  -   ,  -   ,  -   ,"  583,90 ","  583,90 ","  583,90 ","  583,90 ","  583,90 ","  583,90 ","  583,90 ","  4.087,29 ","  2.919,49 ",#REF!,  7.007 ,"3,6%", JUN,  -   ,  -   ,  -   ,  -   ,  -   ,  584 ,  584 ,  584 ,  584 ,  584 ,  584 ,  584 ,  4.087 ,  2.919 ,#REF!,,1,1, JUN,
212236,LABORATORIO,PRÉ ANALITICO,TUBO,212236,VACUT K2 EDTA 4ML 360057 TB 13X75MM,SP,2277,HAM-CD RIBEIRAO PRETO,BECTON DICKINSON IND CIRURG LTDA,521400,  192.918 ,"  0,37 ","0,39",  203.346 , BECTON DICKINSON INDUSTRIAS CIRURGI,"  0,39 ",  201.397 ,  16.783 ,  8.479 ,4%,"  0,40 ",  207.134 ,  17.261 ,  14.216 ,7%,"12,0%","  0,34 ","  177.229,75 ","- 24.167,69 ","-12,0%","- 29.904,28 ",-14%,FINALIZADO,,BD COLETA,"  0,39 ",  203.346 ,- 3.788 ,-2%,,,,"  0,39 ",,,,,,,,,,,,,,,,,,,,,,,,,,,,,,,,,,,,,,,,,,,,,,,,,,,,,,,,,,,,,,,,,,,,,,,,,,,,,,,,,,,,,,,,,,,,,,,,,,,,,,,,,,,,,,,,,,,,,,,,,,,,,,#REF!,#REF!,#REF!,#REF!,#REF!,#REF!,#REF!,#REF!,#REF!,#REF!,#REF!,#REF!,#REF!,#REF!, JUN,  -   ,  -   ,  -   ,  -   ,  -   ,"- 315,67 ","- 315,67 ","- 315,67 ","- 315,67 ","- 315,67 ","- 315,67 ","- 315,67 ","- 2.209,69 ","- 1.578,35 ",#REF!,- 3.788 ,"-1,8%", JUN,  -   ,  -   ,  -   ,  -   ,  -   ,- 316 ,- 316 ,- 316 ,- 316 ,- 316 ,- 316 ,- 316 ,- 2.210 ,- 1.578 ,#REF!,,0,0, JUN,
150420,LABORATORIO,PRÉ ANALITICO,AGULHA,150420,AGULHA MULTI COL SANG DISPSEG 21G 368607,PR,9209,C.C. AGUA VERDE,CIRURGICA SANTA CRUZ COM DE PROD HOSP,181008,  186.946 ,"  1,03 ","0,74",  133.946 , BECTON DICKINSON INDUSTRIAS CIRURGI,"  0,77 ",  139.423 ,  11.619 ,- 47.523 ,-25%,"  0,79 ",  143.834 ,  11.986 ,- 43.112 ,-23%,"12,0%","  0,68 ","  122.692,10 ","- 16.730,74 ","-12,0%","- 21.141,80 ",-15%,FINALIZADO,,BD COLETA,"  0,74 ",  133.946 ,- 9.888 ,-7%,,,,"  0,74 ",,,,,,,,,,,,,,,,,,,,,,,,,,,,,,,,,"  1,31 ", LABOR IMPORT,,,,,,,,,,,,,,,,,,,,,,,,,,,,,,,,,,,,,,,,,,,,,,,,,,,,,,,,,,,,,,,,,,,,,,,,,,,,,,,,,,,,,,,,,,,,#REF!,#REF!,#REF!,#REF!,#REF!,#REF!,#REF!,#REF!,#REF!,#REF!,#REF!,#REF!,#REF!,#REF!, JUN,  -   ,  -   ,  -   ,  -   ,  -   ,"- 824,00 ","- 824,00 ","- 824,00 ","- 824,00 ","- 824,00 ","- 824,00 ","- 824,00 ","- 5.767,99 ","- 4.119,99 ",#REF!,- 9.888 ,"-6,9%", JUN,  -   ,  -   ,  -   ,  -   ,  -   ,- 824 ,- 824 ,- 824 ,- 824 ,- 824 ,- 824 ,- 824 ,- 5.768 ,- 4.120 ,#REF!,,0,0, JUN,
212234,LABORATORIO,PRÉ ANALITICO,TUBO,212234,"VAC GEL SST 3,5ML 360059 TB 13X75MM",SP,2277,HAM-CD RIBEIRAO PRETO,BECTON DICKINSON IND CIRURG LTDA,314500,  176.117 ,"  0,56 ","0,58",  182.410 , BECTON DICKINSON INDUSTRIAS CIRURGI,"  0,61 ",  190.641 ,  15.887 ,  14.523 ,8%,"  0,62 ",  195.987 ,  16.332 ,  19.869 ,11%,"12,0%","  0,53 ","  167.763,98 ","- 22.876,91 ","-12,0%","- 28.222,74 ",-14%,FINALIZADO,,BD COLETA,"  0,58 ",  182.410 ,- 13.577 ,-7%,,,,"  0,58 ",,,,,,,,,,,,,,,,,,,,,,,,,,,,,,,,,,,,,,,,,,,,,,,,,,,,,,,,,,,,,,,,,,,,,,,,,,,,,,,,,,,,,,,,,,,,,,,,,,,,,,,,,,,,,,,,,,,,,,,,,,,,,,#REF!,#REF!,#REF!,#REF!,#REF!,#REF!,#REF!,#REF!,#REF!,#REF!,#REF!,#REF!,#REF!,#REF!, JUN,  -   ,  -   ,  -   ,  -   ,  -   ,"- 1.131,39 ","- 1.131,39 ","- 1.131,39 ","- 1.131,39 ","- 1.131,39 ","- 1.131,39 ","- 1.131,39 ","- 7.919,75 ","- 5.656,96 ",#REF!,- 13.577 ,"-6,9%", JUN,  -   ,  -   ,  -   ,  -   ,  -   ,- 1.131 ,- 1.131 ,- 1.131 ,- 1.131 ,- 1.131 ,- 1.131 ,- 1.131 ,- 7.920 ,- 5.657 ,#REF!,,0,0, JUN,
152794,LABORATORIO,PRÉ ANALITICO,TUBO,152794,TUBO 13X75MM C/CIT SODIO 2.7ML 363083,SP,2277,HAM-CD RIBEIRAO PRETO,GLOBALMED BRASIL DISTRIBUIDORA,64050,  175.962 ,"  2,75 ","1,22",  78.141 , BECTON DICKINSON INDUSTRIAS CIRURGI,"  1,39 ",  88.955 ,  7.413 ,- 87.007 ,-49%,"  1,51 ",  96.650 ,  8.054 ,- 79.312 ,-45%,"12,0%","  1,22 ","  78.280,02 ","- 10.674,55 ","-12,0%","- 18.369,78 ",-19%,FINALIZADO,,BD COLETA,"  1,22 ",  78.141 ,- 18.509 ,-19%,,,,"  1,22 ",,,,,,,,,,,,,,,,,,,,,,,,,,,,,,,,,,,,,,,,,,,,,,,,,,,,,,,,,,,,,,,,,,,,,,,,,,,,,,,,,,,,,,,,,,,,,,,,,,,,,,,,,,,,,,,,,,,,,,,,,,,,,,#REF!,#REF!,#REF!,#REF!,#REF!,#REF!,#REF!,#REF!,#REF!,#REF!,#REF!,#REF!,#REF!,#REF!, JUN,  -   ,  -   ,  -   ,  -   ,  -   ,"- 1.542,40 ","- 1.542,40 ","- 1.542,40 ","- 1.542,40 ","- 1.542,40 ","- 1.542,40 ","- 1.542,40 ","- 10.796,80 ","- 7.712,00 ",#REF!,- 18.509 ,"-19,2%", JUN,  -   ,  -   ,  -   ,  -   ,  -   ,- 1.542 ,- 1.542 ,- 1.542 ,- 1.542 ,- 1.542 ,- 1.542 ,- 1.542 ,- 10.797 ,- 7.712 ,#REF!,,0,0, JUN,
150420,LABORATORIO,PRÉ ANALITICO,AGULHA,150420,AGULHA MULTI COL SANG DISPSEG 21G 368607,BA,2043,HAM-CD SALVADOR,BECTON DICKINSON IND CIRURG LTDA,253248,  169.676 ,"  0,67 ","0,74",  187.404 , BECTON DICKINSON INDUSTRIAS CIRURGI,"  0,77 ",  195.066 ,  16.256 ,  25.390 ,15%,"  0,79 ",  201.238 ,  16.770 ,  31.562 ,19%,"12,0%","  0,68 ","  171.658,32 ","- 23.407,95 ","-12,0%","- 29.579,46 ",-15%,FINALIZADO,,BD COLETA,"  0,74 ",  187.404 ,- 13.834 ,-7%,,,,"  0,74 ",,,,,,,,,,,,,,,,,,,,,,,,,,,,,,,,,"  1,31 ", LABOR IMPORT,,,,,,,,,,,,,,,,,,,,,,,,,,,,,,,,,,,,,,,,,,,,,,,,,,,,,,,,,,,,,,,,,,,,,,,,,,,,,,,,,,,,,,,,,,,,#REF!,#REF!,#REF!,#REF!,#REF!,#REF!,#REF!,#REF!,#REF!,#REF!,#REF!,#REF!,#REF!,#REF!, JUN,  -   ,  -   ,  -   ,  -   ,  -   ,"- 1.152,86 ","- 1.152,86 ","- 1.152,86 ","- 1.152,86 ","- 1.152,86 ","- 1.152,86 ","- 1.152,86 ","- 8.069,99 ","- 5.764,28 ",#REF!,- 13.834 ,"-6,9%", JUN,  -   ,  -   ,  -   ,  -   ,  -   ,- 1.153 ,- 1.153 ,- 1.153 ,- 1.153 ,- 1.153 ,- 1.153 ,- 1.153 ,- 8.070 ,- 5.764 ,#REF!,,0,0, JUN,
212234,LABORATORIO,PRÉ ANALITICO,TUBO,212234,"VAC GEL SST 3,5ML 360059 TB 13X75MM",AM,2245,HAM-HOSP SAO LUCAS,BECTON DICKINSON INDUSTRIAS CIRURGI,293000,  164.079 ,"  0,56 ","0,58",  169.940 , BECTON DICKINSON INDUSTRIAS CIRURGI,"  0,61 ",  177.608 ,  14.801 ,  13.529 ,8%,"  0,62 ",  182.589 ,  15.216 ,  18.509 ,11%,"12,0%","  0,53 ","  156.295,21 ","- 21.312,98 ","-12,0%","- 26.293,36 ",-14%,FINALIZADO,,BD COLETA,"  0,58 ",  169.940 ,- 12.649 ,-7%,,,,"  0,58 ",,,,,,,,,,,,,,,,,,,,,,,,,,,,,,,,,,,,,,,,,,,,,,,,,,,,,,,,,,,,,,,,,,,,,,,,,,,,,,,,,,,,,,,,,,,,,,,,,,,,,,,,,,,,,,,,,,,,,,,,,,,,,,#REF!,#REF!,#REF!,#REF!,#REF!,#REF!,#REF!,#REF!,#REF!,#REF!,#REF!,#REF!,#REF!,#REF!, JUN,  -   ,  -   ,  -   ,  -   ,  -   ,"- 1.054,05 ","- 1.054,05 ","- 1.054,05 ","- 1.054,05 ","- 1.054,05 ","- 1.054,05 ","- 1.054,05 ","- 7.378,34 ","- 5.270,24 ",#REF!,- 12.649 ,"-6,9%", JUN,  -   ,  -   ,  -   ,  -   ,  -   ,- 1.054 ,- 1.054 ,- 1.054 ,- 1.054 ,- 1.054 ,- 1.054 ,- 1.054 ,- 7.378 ,- 5.270 ,#REF!,,0,0, JUN,
198361,LABORATORIO,PRÉ ANALITICO,TUBO,198361,TUBO BD VACUT EDTA 3ML - 360056,CE,2045,HAM-CD FORTALEZA,BECTON DICKINSON IND CIRURG LTDA,431500,  159.655 ,"  0,37 ","0,37",  159.655 , BECTON DICKINSON INDUSTRIAS CIRURGI,"  0,42 ",  182.479 ,  15.207 ,  22.824 ,14%,"  0,45 ",  194.681 ,  16.223 ,  35.026 ,22%,"12,0%","  0,37 ","  160.581,09 ","- 21.897,42 ","-12,0%","- 34.099,72 ",-18%,FINALIZADO,,BD COLETA,"  0,37 ",  159.655 ,- 35.026 ,-18%,,,,"  0,37 ",,,,,,,,,,,,,,,,"  0,39 ",,,,,,,,,,,,,"  0,47 ",,,,"  1,02 ", BD,,,,,,,,,"0,5006",,,,,,,,,,,,,,,,,,,,,,,,,,,,,,,,,,,,,,,,,,,,,,,,,,,,,,,,,,,,,,,,,,,,,,,,,,,,,,,,,,,#REF!,#REF!,#REF!,#REF!,#REF!,#REF!,#REF!,#REF!,#REF!,#REF!,#REF!,#REF!,#REF!,#REF!, JUN,  -   ,  -   ,  -   ,  -   ,  -   ,"- 2.918,82 ","- 2.918,82 ","- 2.918,82 ","- 2.918,82 ","- 2.918,82 ","- 2.918,82 ","- 2.918,82 ","- 20.431,72 ","- 14.594,09 ",#REF!,- 35.026 ,"-18,0%", JUN,  -   ,  -   ,  -   ,  -   ,  -   ,- 2.919 ,- 2.919 ,- 2.919 ,- 2.919 ,- 2.919 ,- 2.919 ,- 2.919 ,- 20.432 ,- 14.594 ,#REF!,,1,1, JUN,
197223,LABORATORIO,PRÉ ANALITICO,ESCALPE,197223,BD VACUT UT/PB 23G 367392 SCALP 1,AM,2245,HAM-HOSP SAO LUCAS,GLOBALMED BRASIL DISTRIBUIDORA,53000,  157.940 ,"  2,98 ","3,57",  189.210 , BECTON DICKINSON INDUSTRIAS CIRURGI,"  4,01 ",  212.376 ,  17.698 ,  54.436 ,34%,"  4,09 ",  216.848 ,  18.071 ,  58.908 ,37%,"12,0%","  3,53 ","  186.890,95 ","- 25.485,13 ","-12,0%","- 29.957,34 ",-14%,FINALIZADO,,BD COLETA,"  3,39 ",  179.670 ,- 37.178 ,-17%,,,,"  3,39 ",,,,,,,,,,,,,,,,"  3,68 ",,,,,,,,,,,,,,,,,"  10,54 ", BD,,,,,,,,,,,,,,,,,,,,,,,,,,,,,,,,,,,,,,,,,,,,,,,,,,,,,,,,,,,,,,,,,,,,,,,,,,,,,,,,,,,,,,,,,,,,#REF!,#REF!,#REF!,#REF!,#REF!,#REF!,#REF!,#REF!,#REF!,#REF!,#REF!,#REF!,#REF!,#REF!, JUN,  -   ,  -   ,  -   ,  -   ,  -   ,"- 3.098,19 ","- 3.098,19 ","- 3.098,19 ","- 3.098,19 ","- 3.098,19 ","- 3.098,19 ","- 3.098,19 ","- 21.687,33 ","- 15.490,95 ",#REF!,- 37.178 ,"-17,1%", JUN,  -   ,  -   ,  -   ,  -   ,  -   ,- 3.098 ,- 3.098 ,- 3.098 ,- 3.098 ,- 3.098 ,- 3.098 ,- 3.098 ,- 21.687 ,- 15.491 ,#REF!,,0,0, JUN,
171430,LABORATORIO,PRÉ ANALITICO,ESCALPE,171430,ESCALPE COL SANG DISP SEGUR 23GX7 367256,PR,9245,HOSPITAL ONIX MATEUS LEME,BECTON DICKINSON INDUSTRIAS CIRURGI,57000,  157.320 ,"  2,76 ","2,3",  131.100 , BECTON DICKINSON INDUSTRIAS CIRURGI,"  2,86 ",  163.194 ,  13.599 ,  5.874 ,4%,"  2,86 ",  163.210 ,  13.601 ,  5.890 ,4%,"12,0%","  2,52 ","  143.610,55 ","- 19.583,26 ","-12,0%","- 19.599,72 ",-12%,FINALIZADO,,BD COLETA,"  2,12 ",  120.840 ,- 42.370 ,-26%,,,,"  2,12 ",,,,,,,,,,,,,,,,,,,,,,,,,,,,,,,,,,,,,,,,,,,,,,,,,,,,,,,,,,,,,,,,,,,,,,,,,,,,,,,,,,,,,,,,,,,,,,,,,,,,,,,,,,,,,,,,,,,,,,,,,,,,,,#REF!,#REF!,#REF!,#REF!,#REF!,#REF!,#REF!,#REF!,#REF!,#REF!,#REF!,#REF!,#REF!,#REF!, JUN,  -   ,  -   ,  -   ,  -   ,  -   ,"- 3.530,86 ","- 3.530,86 ","- 3.530,86 ","- 3.530,86 ","- 3.530,86 ","- 3.530,86 ","- 3.530,86 ","- 24.715,99 ","- 17.654,28 ",#REF!,- 42.370 ,"-26,0%", JUN,  -   ,  -   ,  -   ,  -   ,  -   ,- 3.531 ,- 3.531 ,- 3.531 ,- 3.531 ,- 3.531 ,- 3.531 ,- 3.531 ,- 24.716 ,- 17.654 ,#REF!,,0,0, JUN,
213624,LABORATORIO,PRÉ ANALITICO,SERINGA,213624,SERINGA GASO C/HEPAR 2ML,SP,3069,NDI-CD LAPA,SARSTEDT LTDA,78000,  152.131 ,"  1,95 ","195,04",  15.213.120 , SARSTEDT LTDA,"  1,96 ",  152.844 ,  12.737 ,  712 ,0%,"  1,95 ",  152.150 ,  12.679 ,  19 ,0%,"12,0%","  1,72 ","  134.502,29 ","- 18.341,22 ","-12,0%","- 17.647,69 ",-12%,FINALIZADO,,SARSTEDT,"  1,95 ",  152.100 ,- 50 ,0%,,,,,,,,"  1,95 ", SARSTEDT,,,,,,,,,,,,,,,,,,,,,,,,,,,,"  3,21 ", FIRST LAB,,,,,,,,,,,,,,,,,,,,,,,,,,,,,,,,,,,,,,,,,,,,,,,,,,,,,,,,,,,,,,,,,,,,,,,,,,,,,,,,,,,,,,,,,,,,#REF!,#REF!,#REF!,#REF!,#REF!,#REF!,#REF!,#REF!,#REF!,#REF!,#REF!,#REF!,#REF!,#REF!, MAI,  -   ,  -   ,  -   ,  -   ,"- 4,16 ","- 4,16 ","- 4,16 ","- 4,16 ","- 4,16 ","- 4,16 ","- 4,16 ","- 4,16 ",- 33 ,"- 16,66 ",#REF!,- 50 ,"0,0%", MAI,  -   ,  -   ,  -   ,  -   ,- 4 ,- 4 ,- 4 ,- 4 ,- 4 ,- 4 ,- 4 ,- 4 ,- 33 ,- 17 ,#REF!,,0,0, MAI,
212234,LABORATORIO,PRÉ ANALITICO,TUBO,212234,"VAC GEL SST 3,5ML 360059 TB 13X75MM",GO,2235,HAM-LABORATORIO JARDIM AMERICA,BECTON DICKINSON INDUSTRIAS CIRURGI,270000,  151.200 ,"  0,56 ","0,58",  156.600 , BECTON DICKINSON INDUSTRIAS CIRURGI,"  0,61 ",  163.666 ,  13.639 ,  12.466 ,8%,"  0,62 ",  168.256 ,  14.021 ,  17.056 ,11%,"12,0%","  0,53 ","  144.026,31 ","- 19.639,95 ","-12,0%","- 24.229,38 ",-14%,FINALIZADO,,BD COLETA,"  0,58 ",  156.600 ,- 11.656 ,-7%,,,,"  0,58 ",,,,,,,,,,,,,,,,,,,,,,,,,,,,,,,,,,,,,,,,,,,,,,,,,,,,,,,,,,,,,,,,,,,,,,,,,,,,,,,,,,,,,,,,,,,,,,,,,,,,,,,,,,,,,,,,,,,,,,,,,,,,,,#REF!,#REF!,#REF!,#REF!,#REF!,#REF!,#REF!,#REF!,#REF!,#REF!,#REF!,#REF!,#REF!,#REF!, JUN,  -   ,  -   ,  -   ,  -   ,  -   ,"- 971,31 ","- 971,31 ","- 971,31 ","- 971,31 ","- 971,31 ","- 971,31 ","- 971,31 ","- 6.799,15 ","- 4.856,54 ",#REF!,- 11.656 ,"-6,9%", JUN,  -   ,  -   ,  -   ,  -   ,  -   ,- 971 ,- 971 ,- 971 ,- 971 ,- 971 ,- 971 ,- 971 ,- 6.799 ,- 4.857 ,#REF!,,0,0, JUN,
212236,LABORATORIO,PRÉ ANALITICO,TUBO,212236,VACUT K2 EDTA 4ML 360057 TB 13X75MM,PE,2044,HAM-CD RECIFE,GLOBALMED BRASIL DISTRIBUIDORA,218100,  140.212 ,"  0,64 ","0,39",  85.059 , BECTON DICKINSON INDUSTRIAS CIRURGI,"  0,39 ",  84.244 ,  7.020 ,- 55.968 ,-40%,"  0,40 ",  86.644 ,  7.220 ,- 53.568 ,-38%,"12,0%","  0,34 ","  74.134,65 ","- 10.109,27 ","-12,0%","- 12.508,87 ",-14%,FINALIZADO,,BD COLETA,"  0,39 ",  85.059 ,- 1.585 ,-2%,,,,"  0,39 ",,,,,,,,,,,,,,,,,,,,,,,,,,,,,,,,,,,,,,,,,,,,,,,,,,,,,,,,,,,,,,,,,,,,,,,,,,,,,,,,,,,,,,,,,,,,,,,,,,,,,,,,,,,,,,,,,,,,,,,,,,,,,,#REF!,#REF!,#REF!,#REF!,#REF!,#REF!,#REF!,#REF!,#REF!,#REF!,#REF!,#REF!,#REF!,#REF!, JUN,  -   ,  -   ,  -   ,  -   ,  -   ,"- 132,04 ","- 132,04 ","- 132,04 ","- 132,04 ","- 132,04 ","- 132,04 ","- 132,04 ","- 924,31 ","- 660,22 ",#REF!,- 1.585 ,"-1,8%", JUN,  -   ,  -   ,  -   ,  -   ,  -   ,- 132 ,- 132 ,- 132 ,- 132 ,- 132 ,- 132 ,- 132 ,- 924 ,- 660 ,#REF!,,0,0, JUN,